label,0,1,2,3,4,5,6,7,8,9,10,11,12,13,14,15,16,17,18,19,20,21,22,23,24
real,-338.08353,67.91193,41.63329,61.226604,-7.420347,-29.123165,-14.897457,-21.947918,-25.34579,-6.2208195,-17.045837,-7.1731896,-19.99823,1.0943981,-15.178433,-12.828512,-9.609118,-11.984963,-4.270753,-7.1011853,-3.6665728,-6.824033,-7.8255024,-4.37867,-4.946986
real,-310.4199,103.214806,-5.2515936,-7.1315675,-14.95182,-7.7241764,-9.976541,-32.629078,-37.66305,0.17677459,-15.129375,-10.424173,-17.363476,-3.7913225,-11.882679,-12.7296295,-9.246277,-8.406489,-4.1540866,-2.8654933,-5.4550357,2.1901913,3.9616714,1.0771258,-5.9207854
real,-266.00845,111.62891,-36.322277,-7.016376,-12.474454,-23.655554,-16.819538,-31.642595,-28.980518,1.7563378,-18.167841,-10.431267,-18.611961,-2.6148865,-7.510982,-12.714105,-7.3865657,-6.8564844,1.0693405,-5.148141,-2.767045,-2.0302458,0.18914384,-3.816358,-3.2416074
real,-260.43338,101.53542,-41.664314,-6.0183315,-26.039772,-23.073729,-11.158437,-22.583345,-13.932534,-7.5155115,-15.975485,-6.7797947,-18.864723,11.158725,-21.935627,-6.9814873,-8.767294,-10.373465,-0.4366349,-15.046284,-3.446284,-4.290056,-11.284349,-2.6732316,-8.656003
real,-296.36484,68.70884,16.25704,-0.41020748,-11.122212,-6.175922,-20.275259,-25.01708,-24.910261,2.0661798,-14.422897,-10.119073,-15.010723,2.3789444,-15.761946,-12.680738,-7.50575,-3.8416321,0.6975641,-0.83140004,-0.5256024,0.6267915,-10.888398,-4.6964755,-5.028621
real,-268.79175,86.86171,-17.45242,13.860131,-8.170319,-33.35737,-33.50518,-23.707842,-9.133877,-0.64580876,-19.132656,0.67183316,-11.421003,3.1527395,-8.981038,-12.90396,-7.4730716,-13.109295,-1.6801126,-15.729238,-6.9109282,-5.1584716,-11.123024,-7.4717927,-3.396542
real,-276.92645,126.974846,-20.547836,-5.076384,-17.35608,-18.74835,-17.651173,-32.73693,-12.673498,-4.7414465,-19.176235,-9.17212,-12.506076,7.1017213,-14.72532,-6.2135344,-8.781725,-13.904696,-7.7425647,-17.903488,-7.5172286,-7.3931704,-2.377189,-0.26284578,2.1420896
real,-303.44357,84.774086,4.9248214,10.536232,-18.274338,-30.664982,-14.840451,-2.445735,-20.096682,-3.9372234,-14.7898445,-7.854128,-13.34307,4.0337825,-7.904838,-11.736194,-8.292537,-4.41952,-7.646706,-12.0186205,-0.4065182,-9.534342,-6.61522,-4.685521,-9.552095
real,-286.50504,82.866455,-3.048747,6.1963754,-14.019105,-23.430107,-28.137281,-24.151695,-10.559417,-6.1229167,-22.31179,3.472519,-14.909388,1.6003163,-8.696147,-8.890037,-7.7168927,-5.9358582,-3.7473054,-4.896141,-6.500336,3.7146695,4.478168,6.556135,-0.59079057
real,-291.1966,63.32889,0.7260349,24.90746,-13.111447,-39.546967,-24.904245,3.5369468,-10.2937,-19.733028,-23.230253,0.74169135,-17.612087,6.046694,-15.700655,-12.753797,0.2242529,-8.397209,-4.0582423,-4.249459,-5.2406354,-4.913727,-5.8808165,-6.387419,-3.0656881
real,-300.66415,62.425034,19.465696,20.719395,-7.0789037,-27.069407,-15.655809,-12.317213,-6.977089,-6.368504,-29.33478,-6.600269,-12.941202,3.5462112,-11.166105,-14.451932,-0.5112967,-8.812743,-6.130332,-5.530315,-6.379871,-5.075208,-2.1104672,-3.1015527,-4.6069126
real,-324.6353,84.952446,-6.555637,-0.8565392,-31.470554,-16.72075,-10.938263,-18.002981,-15.508143,10.205949,-21.095768,-11.93526,-5.733478,1.4117042,-25.31491,1.7725886,-7.3203816,-16.479433,-5.17751,-15.7565155,-4.767939,-3.5273418,-5.615973,7.455997,-3.956199
real,-281.92227,84.79459,-5.975083,-29.123266,-21.407158,-18.766302,-1.902196,-15.972275,-13.885826,5.1516957,-25.784048,-4.7156634,-17.079874,-0.4291084,-12.778743,-14.8517,-8.69157,-6.6051726,-4.9546523,3.562122,-0.36787042,-2.5089717,-4.3092604,2.7513294,-0.56517273
real,-328.38278,73.10203,13.828528,9.522263,-15.608756,-1.0246398,-22.935041,-26.707132,-13.434788,5.3967247,-20.931934,-14.49139,-11.784008,2.9171257,-20.77796,-5.294057,-8.405242,-9.31291,-9.518763,-4.0048375,-9.164971,-9.960249,-12.659704,-4.5168114,-6.9279056
real,-367.4273,133.96194,-15.064163,7.470857,-13.872409,-26.781492,-5.869499,-15.29949,-19.728155,4.713447,-19.808393,-12.407431,-13.548586,-1.6402797,-15.999741,-7.330881,-10.893088,-11.238717,-7.8080106,-11.55797,-2.5200787,-6.001039,-9.544104,-4.1537213,-7.5385294
real,-276.8709,97.36194,4.782159,-31.076492,-28.7656,-17.337528,-24.715609,-15.97442,-19.733353,0.7963373,-14.1198435,-12.094783,-10.993803,0.71592087,-11.299095,-15.764999,-6.44493,-1.2192283,-2.4216657,-9.080175,1.7720846,-3.8390236,-2.3188946,-2.1950088,-0.5126464
real,-312.89066,97.53009,5.803292,-19.719742,-16.609182,-4.2877913,-26.458626,-29.920965,-15.594308,13.606686,-19.44297,-19.112032,-7.3025675,-3.3454242,-18.811775,-5.383522,-9.2409935,-12.955925,-7.6801715,-5.91662,-9.864708,-10.1996975,-3.584126,2.9616256,3.754656
real,-298.6891,59.886307,-3.1708345,-2.236311,-19.92446,-12.746608,-23.221123,-12.693361,-11.856127,4.6591015,-33.18287,0.44322965,-13.390067,4.386425,-10.172254,-12.284524,-10.334582,-10.193987,-3.492722,-10.234173,-1.1434125,-12.883157,-1.9948485,-0.22624853,-0.8947514
real,-301.75394,95.124916,-5.1089106,24.773851,-10.900089,-36.409744,-25.162357,-26.693094,-7.052926,-14.879055,-34.56843,8.595648,-23.39184,3.2378342,-4.3827853,-18.006641,-6.466903,-7.2975526,-2.973706,-6.784117,-5.0750155,-5.1649675,-9.308693,-3.9348211,-2.355258
real,-308.22638,36.246796,15.18273,24.218992,-21.548788,-20.588423,-29.022753,-11.413344,-8.677759,-7.5463443,-22.148111,-1.9943123,-17.997301,3.8835063,-4.6721807,-11.478076,-10.506388,-4.1163783,-3.466439,-8.432647,-3.7433417,-8.338187,-10.108976,-3.5662315,-4.393194
real,-283.488,29.727652,29.739656,22.043123,-21.379587,-32.592606,-35.426357,0.12061055,-13.628227,-9.479224,-25.110249,0.14831856,-13.474633,-0.47001126,-11.080249,-12.690899,-5.8398867,-3.5219133,-3.5122733,0.4396311,4.6765375,3.1345468,0.6869112,3.4150164,-7.025813
real,-295.83972,71.3784,17.037897,5.041199,-12.421547,-19.839945,-30.10758,-26.125692,-17.59623,0.6842079,-18.317913,-2.6879845,-16.013887,-2.192693,-9.758582,-6.5546074,-8.753889,-4.4424987,-3.789664,-0.7582128,3.5732934,1.927659,-3.2357461,-3.6006386,-0.18377231
real,-260.95145,44.64064,11.916337,3.3253672,-24.63727,-12.813189,-25.553257,-17.73412,-12.623297,2.4029872,-18.209776,-2.645649,-15.398884,6.1704698,-13.566532,-9.110271,-8.431252,-3.546551,-4.910388,-10.261534,5.4216743,-7.1692257,-2.0525212,0.5061638,-9.749135
real,-312.3566,93.510185,-0.68991506,27.141182,-13.328267,-37.393044,-27.088507,-6.788164,-11.081803,-7.8507543,-23.599754,1.1403693,-18.870922,-2.169545,-7.747995,-12.010135,-10.785552,-4.0593095,-8.165591,-9.265094,-4.3549027,-5.6566424,-7.9414463,-3.5363061,-7.948173
real,-316.10327,120.18907,6.1762967,1.5219498,-26.202164,-10.610514,-9.50446,-37.66853,-19.441141,4.413045,-16.578941,-9.128589,-15.323385,0.059264164,-12.60354,-8.657096,-9.01509,-2.115998,-4.842518,-9.58483,1.7579716,-4.042524,-2.5330637,0.30608162,-4.24557
real,-315.8512,119.60781,-14.497633,6.915944,-34.447987,-29.081812,-9.758804,-9.604541,-5.9929485,-2.7210085,-23.050562,-0.8877031,-12.409094,3.2743402,-8.921077,-9.155433,-8.728565,-3.1358016,-3.7190826,-7.0766845,-5.3074913,-6.1218834,-8.875713,-5.001147,-3.0114522
real,-398.57117,95.89106,9.011795,8.306079,-25.278109,-1.6865877,-20.659914,-24.201117,-8.581908,0.19270103,-6.965909,-10.910847,-12.381145,1.3026711,-15.505583,-7.6878514,-10.686553,-3.2159004,-0.6394196,-12.780721,-0.2727451,-3.9749644,-12.007626,-4.464642,-4.2584386
real,-291.96533,111.8531,-3.2760468,-9.142947,-19.546846,-7.051019,-15.28993,-42.70961,-10.860816,2.290368,-20.51636,-5.1590414,-13.313795,2.9953375,-11.098159,-5.468717,-12.657917,-9.748369,-7.9501824,-13.512041,-11.314896,-3.6530948,-1.8966676,2.100419,-0.8921104
real,-315.70273,55.607445,19.959972,5.8374224,-35.607483,5.7550693,-26.449957,-16.546137,-22.065544,-3.8662257,-11.67755,-6.1114235,-13.482082,0.43488577,-8.952719,-6.630806,-14.493874,-6.4457564,-1.2846779,-9.867954,-4.137587,-6.6021957,-5.610456,-5.726309,-8.152395
real,-351.45786,57.367104,25.991817,47.678326,-3.2990804,-30.197136,-31.85724,-25.0469,-26.326778,-2.3706777,-22.923813,-5.7320075,-21.151714,3.1502516,-12.021142,-11.15789,-10.635219,-12.381619,-2.2595441,-7.236204,-7.2088656,-2.3099775,-6.178515,0.0954537,-7.268805
real,-293.37372,76.33538,-8.628414,17.976093,-16.21298,-29.400051,-27.31518,-23.747898,-18.68032,4.649327,-20.085472,-13.831625,-10.851401,2.7821302,-8.204547,-10.920719,-1.645328,-1.4315724,4.905035,-0.60686356,-0.49454626,6.4982667,0.7096031,-0.12284753,-4.532018
real,-322.88754,113.60579,3.250193,4.232692,-44.848316,-15.535991,5.307439,-25.458616,-14.952206,0.3174975,-19.28164,0.97531027,-20.16339,13.616288,-16.126913,-3.234247,-10.002714,-6.7191224,-2.7612808,-10.503129,-1.7501634,-1.7571651,-6.0308003,0.41094843,-6.6409974
real,-268.6091,49.687237,7.0629463,6.9879146,-22.994316,-32.073383,-24.1015,-18.728855,-14.918446,-10.095947,-26.270702,-5.323707,-9.281879,6.2850637,-9.168807,-13.557866,-1.6541808,-6.7886868,1.63036,4.34708,3.8460562,5.76706,-1.4406042,-3.3021975,-2.5227692
real,-324.36914,51.53463,5.959668,26.087633,-14.357786,-26.259926,-15.737658,-11.142797,-26.201431,-10.059512,-13.917598,-18.729803,-11.444827,-7.6239414,-10.130881,-10.506515,-8.623149,-0.42973253,3.0470104,-1.908675,-3.111575,-6.336724,-8.678503,-1.0768893,-9.423006
real,-309.8156,89.15401,5.823233,47.214706,-11.467693,-37.41656,-15.495846,-17.168682,-18.785181,-6.0393033,-18.946777,-5.1984725,-14.551103,-3.8951252,-12.398002,-4.553911,-8.046321,-7.426084,-3.721461,-8.100847,-7.3330493,-5.7417035,-6.7276883,-4.755299,-8.886351
real,-275.81305,65.11405,3.674567,27.704351,-9.4056835,-19.842146,-28.610678,-28.449463,-21.965197,-3.1613371,-25.493534,-6.3492665,-17.236214,-2.8648531,-8.86044,-14.703839,-6.335647,-6.341846,-5.0005803,-3.8827689,-3.5715504,-4.1601915,-4.6368837,-2.5442748,1.176108
real,-301.326,32.84364,5.076339,14.103083,-6.088116,-25.128342,-46.657787,-23.421267,-10.846148,0.43519697,-19.805256,-5.3138614,-7.6906896,2.830599,-11.63715,-6.877761,-5.6306443,-2.5548835,-9.326823,-9.807406,-3.0570247,-5.9982257,-4.5964103,-1.0560272,0.7348834
real,-276.3877,118.66209,-40.245125,-4.663483,-24.894941,-30.471863,-24.985983,-18.73423,-20.504848,-15.716208,-5.7850266,-1.2167196,-28.03008,15.997028,-11.4099455,-6.8899198,-5.815231,-12.688235,-2.6653602,-9.259628,-10.7487,-10.671768,-8.719219,-5.058586,-3.7850761
real,-350.05762,92.532265,-7.8723173,27.23483,-18.959503,-38.390312,-23.596981,-19.170723,-14.807255,-18.699207,-20.458809,5.2370005,-20.218285,2.173273,5.841733,-12.275589,-5.4647994,-3.4934685,-9.537616,-10.152106,-7.019567,-7.9401083,-13.327007,-4.7844048,-6.740087
real,-309.2497,119.82009,4.288385,2.8533688,-27.464188,-41.07344,-12.53141,-25.773527,-29.0061,-2.3211198,-13.932469,-8.095053,-12.547611,-3.0646086,-8.8694935,-15.212486,-8.903067,-15.793236,-4.298614,-9.438307,-13.771597,-0.013644542,-8.297491,-4.1653423,1.5181319
real,-282.55878,90.87137,-8.748867,9.705892,-22.400118,-19.308727,-17.79486,-32.5279,-24.935772,-4.3067913,-9.297873,-2.6801753,-17.783354,3.1748304,-8.975128,-12.995163,-10.366871,-8.154934,-1.1011164,-8.993359,-9.258486,-2.5352302,-6.786581,-6.537067,-3.1828687
real,-277.91125,74.4532,-7.5837064,6.8752327,-24.441587,-24.090702,-18.113445,-16.44098,-27.437279,1.2054726,-17.20914,-7.8964243,-17.739021,-1.3333683,-12.070449,-11.155448,-12.006114,-8.131407,-2.2516694,-16.034088,-1.8523338,-2.4251993,-7.222208,-1.3476073,-6.081553
real,-276.5058,72.74001,1.0203788,8.865565,-29.381271,-18.442404,-16.830734,-28.7576,-24.579714,7.2092366,-14.161314,-2.2278636,-16.145117,1.2539556,-15.894637,-22.571264,-4.8240623,-12.164928,0.80790883,-10.029493,-9.187872,-2.8410218,-7.81413,-4.4296956,-9.992434
real,-273.4567,64.33013,11.894603,11.208181,-24.852415,-21.171343,-27.335276,-22.90109,-25.759441,2.3859122,-15.860597,-11.444026,-16.536926,-0.9547959,-15.552481,-13.401804,-8.220844,-7.8840594,-8.996847,-7.3074307,-6.6986723,-2.2102711,-4.7843633,0.6483717,-5.8526287
real,-302.57303,78.04978,0.2959051,36.314278,-8.678719,-34.353348,-18.978506,-20.569256,-18.615273,-11.545192,-26.751293,5.677824,-15.962692,-3.8750052,-4.4579787,-15.906411,-3.0711098,-9.1869755,-9.816841,-8.770171,-8.223729,-10.9108715,-10.597721,1.7377044,-3.6391053
real,-261.61267,53.76809,1.1297028,15.013345,-12.268582,-19.779095,-39.128498,-13.702092,-10.588658,-6.8946013,-21.767406,1.8538663,-12.351863,8.978642,-9.189674,-14.555135,-6.4925575,-8.569146,-11.920829,-4.3343687,-9.015334,-6.7599297,-7.105794,-6.869447,-8.946471
real,-284.59885,87.70283,-13.892061,13.209178,-21.9779,-20.150707,-9.541914,-27.00199,-9.800655,-5.057558,-22.464476,1.878757,-23.53812,8.009375,-6.6970944,-8.552198,-8.858927,-9.913214,-3.2665126,-13.885628,-5.1567907,-3.8238509,-11.715131,-3.8200948,-9.045549
real,-293.02676,85.56787,5.626573,29.029573,-17.269585,-37.293213,-12.190254,-26.921833,-25.011644,-3.0550835,-20.559017,1.6281713,-21.151308,9.425064,-13.530489,-9.5211935,-8.864149,-12.557687,-6.1441445,-11.397784,-2.8815715,-9.01025,-9.746731,-5.5710015,-8.571648
real,-298.01135,69.58969,17.450228,26.797546,-12.706161,-22.771248,-23.341593,-29.28365,-24.375162,0.83959657,-27.726257,-5.052124,-14.589472,2.3358586,-12.853674,-11.628458,-1.107216,-7.521822,-12.499409,-3.5701315,-8.284965,-12.927826,-5.2763214,-11.632456,-7.3485756
real,-313.8278,101.1043,-3.8105648,28.001696,-1.1268183,-29.126791,-20.707108,-29.472729,-23.131102,-3.3112576,-21.068773,-1.9459447,-9.655786,0.21317567,-13.133065,-5.2220783,-3.4988246,-10.071787,-4.4773064,-5.693244,-6.722723,-6.86676,-5.841122,-7.0665965,-7.6498904
real,-286.61353,34.66041,27.828785,38.40893,-14.240249,-27.532421,-31.152021,-11.043924,-10.429358,-0.4032244,-29.856237,-0.16684555,-12.122872,0.40232003,-7.481033,-13.738653,-5.3110137,-3.1908092,-9.146696,-2.260785,-8.994587,-8.83991,-6.4984093,-2.913331,-2.3726928
real,-307.60245,98.336464,-0.5642666,8.9591675,-7.2850037,-15.089604,-23.279276,-25.078278,-18.54113,2.0238316,-16.435831,-13.809783,-10.618115,3.313558,-10.150929,-14.46221,-7.287749,-5.4383926,-4.5892663,-10.408757,-6.787134,-3.293399,-10.257379,-3.8364217,0.4688661
real,-294.70602,121.2421,-23.837107,18.710205,-15.066543,-19.661762,-8.237562,-36.842575,-20.35657,1.2717457,-14.257443,-1.5024298,-17.969982,5.37529,-13.389466,-14.031423,-3.657261,-9.418823,-2.662835,-8.846277,-4.719963,-1.0133705,-11.811369,-2.7989922,0.2584595
real,-293.34262,116.58651,4.921299,-4.2669444,-36.27817,-28.913298,-4.223339,-24.462051,-17.806906,2.706415,-22.624186,-7.6931334,-13.632771,3.3197103,-15.693325,-6.344636,-13.349858,-13.275385,-6.283659,-9.870105,-8.948585,-9.152271,-11.607886,-3.3332274,-5.0705347
real,-317.8332,113.219185,-10.552312,-3.2467318,-22.017174,-21.526033,-21.014166,-22.68261,-10.40344,-2.7904844,-16.789602,-9.172017,-16.465885,2.4959562,-16.647556,-9.822059,-7.986842,-14.585842,-6.130735,-9.0116,-5.9346843,-5.246355,-9.860303,-5.993406,-4.100115
real,-306.3524,113.977394,0.03213501,15.56774,-17.957376,-28.957863,-11.292306,-22.776228,-11.879434,-0.59511864,-21.450909,-2.7162023,-21.352392,2.079853,1.456199,-9.258332,-6.3068686,-8.32368,-2.5136497,-11.066346,-9.12893,-10.905394,-9.367233,-0.63505703,-4.3735385
real,-294.15457,86.217896,-22.214487,20.882988,-19.35672,-33.179623,-16.118792,-15.425393,-7.186876,0.12103264,-28.865936,-4.1144958,-18.24786,1.7515765,-10.1785555,-11.115495,-5.337338,-11.954608,-4.7852893,-17.004238,-4.8444324,-9.20647,-4.7256284,-0.9456816,0.82278234
real,-382.7925,100.76921,11.367582,8.263332,-19.349579,-23.631851,-9.442104,-19.132092,-20.61093,-10.433123,-22.580124,-0.19868112,-11.71653,-6.713658,-4.0212407,-11.294451,-3.5618584,-4.108432,-6.0176353,-9.8304,-10.503116,-6.9887753,-12.555552,-2.9516988,-5.047725
real,-271.0974,115.99372,-6.4291115,8.188643,-38.81986,-24.170055,-3.2929544,-30.725056,-8.733699,2.830426,-22.763653,-3.0986116,-17.773544,5.959245,-8.266206,-14.351986,-7.5773296,-7.6705394,-7.4661155,-5.270991,-2.6946146,-4.093128,-10.841833,-4.953455,-3.2327816
real,-258.51727,115.21795,-27.348331,-1.0200317,-26.34546,-26.57444,-2.290049,-28.530397,-13.994471,-2.6325252,-22.070467,-2.2163513,-15.00902,4.113699,-8.103835,-6.3142653,-11.324626,-9.953787,-8.331213,-11.681955,-5.377349,2.4389355,-0.93000466,5.1780934,4.584224
real,-329.02985,125.26773,3.5292146,7.1925893,-32.92575,-21.290892,-7.5621576,-18.25716,-22.59698,0.6497866,-8.592182,-8.595989,-16.36813,5.8366065,-14.286376,-4.2740035,-8.47555,-7.957658,-5.9098263,-8.394522,2.5694513,-7.713729,-0.0054646134,-4.054307,-9.232769
real,-315.78967,61.585377,7.2989497,22.221277,-11.358147,-15.252738,-21.190872,-17.942764,-11.679833,0.38579413,-26.025316,-1.2131932,-9.989971,3.9619713,-14.237801,-2.8136322,-9.002056,-3.8669941,-6.2928348,-6.549841,-1.8902894,-11.930095,-9.632622,-5.248431,-9.99838
real,-343.7282,120.601814,-17.277346,16.46853,-14.374043,-25.417582,-14.055545,-11.994915,-30.970743,6.5148654,-13.313795,-17.580666,-9.058535,2.420033,-8.596415,-10.878012,-6.8107057,-10.292949,-4.9324603,-14.570145,-3.2413485,-9.477648,-13.144707,-8.82219,-8.484734
real,-291.67355,91.45115,-28.103865,10.42986,-13.3119,-17.808302,-18.44411,-14.808925,-12.24992,-3.0825737,-21.597067,-0.8631949,-19.62554,6.5516753,-19.209013,-5.2752223,-4.630115,-17.123297,-2.8694868,-9.122526,-6.568877,-7.720269,-9.271915,-6.967433,-8.867637
real,-317.962,65.69296,0.8216914,17.735956,-11.2067,-22.846502,-21.258482,-19.332375,-17.87214,-2.7260866,-27.769262,-1.8598541,-4.972536,-2.4381676,-11.756363,-13.240453,-5.735396,-13.442016,-2.4452066,-6.4554796,-3.1173651,-12.487883,-8.032844,-5.534129,-6.9631267
real,-314.5667,41.574978,7.6749787,42.892345,3.4613764,-10.073451,-30.070864,-18.656466,-15.36528,-1.3588234,-17.747763,-11.649153,-7.1919065,2.255,-11.542604,-4.1555696,-3.324815,-9.799706,-3.1571517,-7.8450665,-8.087588,-8.46046,-9.105733,-2.3819816,-3.211357
real,-323.24332,70.039925,18.524485,6.825389,-7.2363033,-8.482132,-26.237007,-18.852127,-11.554374,-2.4209754,-32.672092,1.8166984,-14.985529,7.0764904,-10.846715,-8.383392,1.3529931,-7.3783092,-10.085564,-8.463686,-3.0245314,-17.056091,-9.56127,-2.3051472,-3.9011207
real,-301.43173,91.28153,-3.918897,25.117758,-3.3765147,-24.344025,-14.957784,-35.281452,-17.88637,0.7843248,-28.73487,-8.342153,-24.78451,2.3008986,-15.847939,-13.572201,-5.9388137,-8.246568,-6.4107347,-12.024203,1.3892456,-2.4836624,-8.735431,3.3516076,-1.5760483
real,-301.48145,113.49567,-21.157621,9.265687,-16.46811,-24.599846,-15.047251,-25.446552,-15.345287,3.099583,-28.91296,-0.26313582,-25.613262,9.694445,-9.360032,-13.884232,-7.962857,-12.372504,-7.236777,-10.77364,-0.52510625,-6.0595098,-9.130213,-2.1763754,-4.1197376
real,-303.91977,100.38204,9.947126,-4.7402396,-33.491352,-12.351314,-16.26177,-23.691269,-26.037771,-3.4852617,-12.314645,-12.971003,-16.284672,6.3561826,-16.87596,-6.748086,-9.072125,-7.9125175,-10.437882,-12.487578,-4.049929,-3.3306165,-7.8537116,-4.8963046,-9.994197
real,-310.72205,138.6007,-6.5415645,-3.8188653,-25.469618,-9.983531,-6.6840696,-29.900364,-21.391918,0.96204275,-14.9903345,-11.663218,-13.432488,10.703008,-17.621675,-11.596844,-0.9384012,-6.4758334,-7.5479007,-9.742123,-1.8687936,-2.6804178,-7.395333,-1.5304013,-3.9674537
real,-294.99692,64.677216,1.6137358,9.460479,-41.527256,-11.119249,-12.334969,-26.512371,-16.627962,-0.34652925,-26.0938,-12.128397,-11.627169,9.461489,-22.285269,-4.328828,-5.286516,-10.100563,-10.30891,-7.7774005,-1.9394065,-3.028524,-10.071451,-4.171823,-7.4192057
real,-317.04306,74.3642,22.280884,-7.1154175,-43.22026,-2.930097,-12.933645,-16.738348,-19.033178,2.314376,-11.514533,-16.883598,-4.7903285,5.616536,-16.74623,-4.8430424,-8.569299,-8.767381,-7.294713,-6.892441,-5.320084,-3.4600883,-8.824082,-10.280586,-6.2515583
real,-316.2178,123.4751,-19.285254,0.8931816,-11.037202,-12.125558,-19.144672,-32.288177,-17.046465,5.4133906,-18.288319,-10.91551,-14.057768,9.742878,-15.074155,-9.10321,-8.03859,-3.5923426,-4.5771985,-11.051509,-3.9899561,-3.2705896,-10.744366,-8.244571,-6.869303
real,-336.08334,116.35845,-1.5711076,-1.7097462,-15.354692,-8.274684,-28.840115,-30.193613,-9.626544,-2.2513747,-21.680939,-9.250028,-12.35503,5.7569623,-10.828201,-8.37622,-7.965908,-2.4102175,-6.8117867,-11.46765,-8.312465,-7.4390435,-7.217021,-9.254231,1.4653062
real,-294.49435,82.242096,11.394211,23.83258,-8.023302,-19.681633,-27.040365,-28.176373,-10.025128,0.46269542,-22.285513,-3.407875,-10.045928,5.3286777,-13.511135,-8.077638,-6.000835,-5.956984,-3.751726,-9.018296,-3.1815944,-10.93483,-3.5789099,-7.1085815,-8.45183
real,-294.5052,74.410515,33.712227,22.271439,-44.646523,-34.14854,-15.553092,-13.706729,-26.193691,-19.087088,-16.014212,-1.4499382,-17.671833,-1.3860998,-11.507218,-7.4480753,-4.060797,-16.097372,-1.4206116,-8.782176,-6.659982,-11.634589,-7.4495034,-1.5108124,-5.7095366
real,-291.8667,93.30843,-9.916584,6.349088,-16.5047,-35.335888,-24.901012,-13.037851,-18.521486,-11.695501,-21.371998,-1.0658104,-8.90603,-4.543671,-4.2334833,-13.71689,-6.345772,-6.9783363,-7.3569293,-6.9171305,-9.696785,-0.99213326,-11.604367,2.1578755,-4.232072
real,-324.88562,119.50716,14.74803,-16.231358,-58.236332,-21.78249,6.72223,-20.05926,-26.885342,-12.834091,-17.436419,-3.6814587,-5.91848,-1.7232414,-14.692743,-6.0549645,-8.160718,-14.323185,-4.49667,-9.378029,-7.571926,-3.6387534,-6.5056605,-2.3592796,-6.4335113
real,-345.41003,91.61702,-13.975822,18.700823,-2.6706421,-29.907467,-23.20191,-12.145303,-6.9187837,-13.881605,-25.649092,2.167034,-17.963959,2.3563962,-8.355827,-14.136583,-6.5091763,-8.212784,-4.9352903,-14.91355,-3.4738493,-11.888021,-16.36304,-4.96768,-8.311222
real,-346.33743,91.01773,20.352385,22.764545,-21.270315,-32.463932,-15.839721,-17.278221,-29.804346,-7.8141932,-18.969215,-6.6987486,-16.006523,-6.393781,-5.271914,-8.424296,-7.5295424,-10.960008,0.099545725,-11.614482,-5.4367642,-0.98600966,-4.819682,-4.5401974,-7.05332
real,-329.71747,68.86924,-4.1181016,3.6343145,-27.845896,-36.085953,-11.168129,-14.930021,-11.327163,-7.9799623,-26.787655,8.426428,-14.050292,-0.19173528,-9.992705,-11.961494,-6.2527456,-8.610062,-8.406451,-10.629243,-4.527278,-15.9364605,-10.303624,-3.2278287,5.3416343
real,-318.21234,84.98589,4.4535,28.40024,-13.064675,-31.626255,-17.89145,-12.31926,-26.638157,-9.991474,-14.038933,-6.069357,-19.142563,-3.0504375,-4.7319784,-13.31098,-11.355363,-5.245125,-5.9142337,-8.376144,-4.4078717,-5.04226,-9.277646,-11.834962,-8.051238
real,-286.80048,64.9263,-5.7902627,0.01700384,-28.37016,-22.822414,-27.485933,-10.382315,-9.658283,-3.5820184,-23.981821,-2.9325104,-19.392467,-5.0105286,-3.5608807,-20.098919,-10.638509,-6.6067214,-4.046744,-11.472005,-5.4108176,2.0104835,-3.4313521,8.34514,4.8662696
real,-293.2802,80.57142,9.796677,12.757751,-11.35937,-12.083328,-30.140062,-16.641796,-11.609478,-1.4695249,-20.615334,-12.892873,-10.821417,-0.08717278,-4.407944,-9.839495,-6.4813786,-3.051825,-11.1708,-2.9357185,-6.898265,-2.4563475,-7.103518,-0.7414273,-3.633456
real,-333.1344,43.370037,23.55697,13.246287,-35.970627,-1.913659,-23.885832,-24.599316,-17.359991,-2.3343349,-20.12326,-7.2746058,-11.5735235,-0.30553967,-17.828358,-6.8266926,-9.065149,-8.755908,-3.37489,-6.570142,-2.5901213,2.176774,-8.5528755,-5.0033245,-3.1300316
real,-367.6789,53.707977,25.484419,11.13624,-18.807196,-10.244793,-23.214474,-8.224196,-4.9732585,6.395263,-22.333782,-1.8728182,-11.1739645,3.8751361,-11.49616,-5.5017977,-9.002407,-4.676185,-5.0992937,-6.2074513,0.55208844,-7.0239673,-5.3556376,-1.2509189,-7.5092707
real,-299.07538,68.015564,12.800464,26.978304,-17.91778,-18.536451,-18.778898,-16.412159,-19.522743,-6.5595703,-19.06735,-4.6369495,-15.948661,0.1632596,-13.499403,-11.48102,-6.6754804,-8.735433,-4.5342226,-3.4053748,-4.210714,-1.8358438,-6.979613,-1.2970147,-4.91328
real,-320.60785,102.470055,-0.13340819,19.804306,-11.651501,-25.88285,-21.255577,-8.296375,-20.789953,-0.85254604,-18.152214,-18.788921,-13.692859,7.5739427,-8.369551,-14.993479,-5.6722717,-7.7785807,-1.7076137,-7.417634,-2.766977,-1.8999779,-4.12359,-2.614731,-1.9894238
real,-235.24628,98.55599,-25.270771,18.308292,-25.13352,-42.4452,-19.563265,-15.863833,-4.206179,-6.4648085,-28.642677,-9.454457,-19.039,9.687742,-12.379163,-12.6196785,1.1410062,-4.3601294,-3.144991,-10.847557,2.3322873,-6.4257956,-6.0521097,-2.5128202,-14.4896
real,-346.22195,62.606815,15.470532,50.548313,-4.1253214,-30.642038,-26.906807,-14.419518,-10.171572,-11.520359,-28.21137,-5.255692,-19.6572,3.2029002,-9.594224,-10.875904,-4.8461514,-6.2550135,-8.468755,-5.8629622,-4.160502,-13.782747,-6.5780525,-6.117489,-11.701124
real,-323.42096,77.898445,3.4879968,25.44111,-22.761467,-31.766266,-23.22162,-10.963459,-11.460957,-17.59174,-24.38218,7.325286,-7.558072,-1.7362182,-7.1284018,-12.960198,-6.3990207,-4.425468,-5.4591947,-9.155621,-5.874438,-0.8664292,-6.3777914,0.78865314,2.988032
real,-302.22452,65.374374,7.9370723,33.31574,-25.35571,-31.66807,-16.655499,0.5941926,-23.039186,-15.979725,-16.667406,0.67288655,-15.7708,2.146163,-9.782037,-9.27444,-3.5050333,0.23820661,-13.955443,-3.239272,-12.48387,-5.3258443,-10.043566,-7.4401817,-9.292379
real,-282.20178,77.82798,-4.9876757,-3.5242958,-25.008982,-21.736753,-12.797527,-10.967433,-20.73779,-13.210038,-8.852624,-1.5948874,-17.707146,-1.8726023,-12.97903,-5.626252,-5.9370317,-6.4250817,-3.2429852,-3.3878329,2.4109797,5.4290547,1.6465861,-5.4574237,-0.91369414
real,-288.43103,61.815662,9.400849,35.808853,-15.602504,-22.166153,-25.184103,-29.74371,-20.807291,-4.047755,-22.622772,-2.187126,-25.484142,3.6024518,-11.634974,-18.119785,-6.2835693,-10.51096,-5.549888,-4.2668056,-1.9838097,-3.000401,-8.955735,-2.7462885,-10.682735
real,-290.67993,42.997128,23.13388,31.650919,-19.173588,-19.889172,-24.997398,-15.638553,-26.760548,-8.635809,-23.498558,-5.2044063,-20.638626,-6.049992,-5.8008566,-14.788216,-7.1950026,-2.5878942,-3.8618443,-4.2404003,-2.542178,-6.085795,-8.154801,0.5014211,-5.2335734
real,-279.41263,64.63344,20.823914,32.152424,-17.787588,-22.698908,-17.63632,-27.85545,-25.986206,3.2260616,-19.098919,-10.028141,-19.841614,7.195707,-15.671845,-18.378338,-2.6931584,-10.600682,-9.822075,-8.826408,-7.8300714,-4.863322,-8.429342,0.63636136,-0.45227173
real,-314.13046,58.319435,15.2741375,41.81527,-16.077265,-12.502652,-25.226622,-27.550978,-13.595281,-0.16028914,-24.169342,-3.4104764,-19.909573,7.5581746,-16.0668,-12.028178,-2.7353194,-10.213748,-4.723853,-8.637505,-6.3782873,-5.073483,-12.648274,1.5187941,-4.8187456
real,-304.28607,118.90854,-5.9065046,-4.8276815,-14.297681,-20.90717,-23.155724,-29.418259,-18.765142,-7.7286015,-17.709965,-4.8461113,-13.493437,1.7203649,-10.095655,-12.622268,-8.469084,-10.235163,-2.8353484,-12.517052,-9.599873,-3.705916,-8.798101,-7.5272818,6.760164
real,-278.8467,53.916985,19.560787,23.711021,-24.02792,-16.273907,-22.922739,-30.191927,-7.561229,-3.7294948,-22.430216,-4.473154,-19.656143,2.3457963,-15.80184,-10.574723,-9.934984,-8.107218,-5.1557927,-4.834206,0.2154502,-1.3636812,-3.1229331,1.4923458,-3.5427387
fake,-270.1681,70.03754,4.5934854,9.82796,-18.602259,-26.047564,-29.14313,-14.960961,-11.623541,-5.8586974,-24.873806,-0.66538215,-14.56398,1.6703247,-7.3211427,-12.181729,-7.507265,-6.770757,-5.290276,-6.394261,-2.2989273,-4.105344,-2.1855056,0.9730008,1.204738
fake,-286.23438,118.378624,-10.373878,12.667923,-16.827732,-31.922716,-21.626917,-17.558727,-12.13259,-8.81168,-27.062862,1.264959,-20.937145,4.7667146,-8.257266,-14.671289,-8.495749,-11.175661,-2.73952,-5.695011,2.6118703,0.77602047,0.5977902,4.838113,-2.2794023
fake,-261.75385,70.73878,4.4030766,5.1134124,-18.326668,-24.143469,-24.259003,-15.63425,-15.262938,-4.5956345,-20.844046,-2.9746115,-14.107108,1.1921594,-4.8245234,-12.477658,-9.187352,-5.638343,-5.918713,-4.321859,-0.5871705,-3.5151777,-2.7320201,-0.7350114,-0.7716218
fake,-291.3693,67.07867,2.3001914,9.510673,-18.434425,-20.529629,-27.194324,-16.669144,-15.532543,-4.406632,-24.68636,-1.0171436,-13.340524,2.0326407,-8.015153,-13.244538,-9.514211,-4.819662,-4.899996,-0.8770186,0.40865868,-2.8731346,-1.5361848,0.17796437,1.406379
fake,-285.62418,76.94387,8.580459,20.126108,-12.82442,-32.40505,-28.299986,-16.239841,-13.658981,-4.425178,-24.818052,-3.9328382,-14.28688,0.09190526,-7.5099792,-12.905481,-8.778075,-4.7536225,-6.4523864,-3.1373599,-0.13608684,-3.0491037,-2.2688675,0.041354023,0.71037525
fake,-274.81744,89.92361,-7.589502,6.2746086,-17.441263,-34.252907,-24.125376,-6.331616,-12.483266,-6.504101,-23.571667,2.4961011,-17.286617,2.2628977,-6.512942,-15.688303,-5.6303363,-6.8591905,-4.3099246,-3.150253,2.5043168,-4.353043,-4.0569253,-1.2732438,-4.0210214
fake,-283.5585,93.714005,-2.4532392,6.4633803,-24.649538,-28.646128,-18.552687,-14.896784,-16.29159,-7.379907,-22.5533,2.5174265,-17.981737,1.6036686,-3.9316764,-15.336083,-7.5955896,-7.423905,-6.523642,-5.493844,-1.3561268,-4.1222577,-3.3453207,1.0386736,-0.21836938
fake,-279.4836,66.280815,-1.0313673,7.0626817,-13.76927,-22.734554,-27.213106,-6.752969,-3.6083593,-1.5443696,-21.162716,-2.2434177,-12.463267,1.7466793,-8.771937,-12.556679,-6.87229,-4.161899,-7.2534757,-5.0522723,-0.60291797,-6.973998,-9.09251,-5.7930813,-2.958774
fake,-294.8283,78.06003,9.282402,3.861686,-18.17962,-28.559036,-22.865955,-7.1004705,-15.784458,-9.65653,-20.032116,-0.06652383,-14.572679,4.2205944,-6.887698,-11.27196,-6.6580906,-9.439677,-3.9761837,-6.3204374,-1.1267171,-3.5113282,-4.860825,-0.36258262,-1.3578868
fake,-276.88193,71.26026,-1.365798,1.5851572,-19.145315,-26.047405,-23.411871,-11.894165,-11.140251,-5.0450706,-20.323765,1.1390687,-14.431934,4.776115,-7.572942,-12.999497,-7.19895,-7.475055,-5.845275,-5.2929544,1.0818113,-1.7702041,-2.1272306,0.327657,-0.76585567
fake,-290.8039,72.258514,10.549281,10.880711,-15.978448,-23.488346,-23.952559,-17.114784,-14.319929,-8.709646,-22.233103,-0.6364754,-16.58195,-0.22661313,-3.7941163,-14.804129,-8.171226,-3.944604,-5.8409023,-2.3268676,0.24874346,-1.873999,-1.7492884,-2.033172,-1.7565874
fake,-281.22107,82.22741,-6.1386185,6.705706,-21.315102,-27.436699,-24.564354,-12.705692,-14.113936,-5.971437,-20.539284,1.0375355,-18.365032,1.3024887,-3.406077,-11.53287,-8.287206,-6.8576593,-3.9114943,-5.7962146,-2.3886037,-3.2051861,-2.47241,-1.1697761,2.080757
fake,-270.14487,78.571915,12.778068,6.6008835,-17.53971,-25.571913,-24.711195,-13.016272,-16.82694,-7.224475,-21.524506,-1.1255488,-16.248682,1.605717,-7.417652,-13.262571,-8.89789,-7.09438,-6.08261,-4.959159,-1.0482031,-4.529193,1.0892227,0.19941752,-0.47993454
fake,-284.7589,86.95531,-5.343262,5.102979,-17.94837,-27.881601,-26.517841,-15.237016,-12.390723,-4.3490896,-22.808203,-1.4778591,-15.071828,2.788202,-5.426133,-13.798845,-8.941479,-6.761731,-3.0057325,-3.1919315,0.64175755,-2.022581,-3.6192718,-0.8335749,-0.41944447
fake,-284.10403,66.35136,5.9147153,14.625688,-18.0454,-25.256994,-25.682375,-15.079362,-14.117928,-3.7149723,-20.725035,-2.102119,-13.757742,-0.53362435,-3.9841583,-12.219467,-8.826755,-4.0149074,-4.80855,-1.9985183,0.089645885,-3.3518934,-3.8585227,-3.0414543,-0.89663774
fake,-274.49475,82.41497,-5.814219,10.417028,-18.770998,-29.752768,-23.856287,-12.322878,-13.74434,-7.5714583,-22.244967,0.64188457,-15.865786,-0.15893304,-3.3312035,-12.604359,-6.2998686,-4.377757,-4.7009845,-4.329851,-2.3110702,-2.737355,-5.597571,-4.557705,-5.089869
fake,-273.23746,81.243,6.6104465,-0.6920859,-21.375107,-24.616327,-23.660147,-16.600819,-13.176413,-5.7368503,-18.21776,-0.75215,-13.447542,0.20543335,-5.598077,-11.12787,-9.714608,-4.702269,-5.920594,-4.501132,-1.4342253,-5.3375063,0.020441161,1.4233255,1.0330287
fake,-277.02686,90.790535,-6.8007402,4.9136376,-20.579117,-25.414816,-22.722668,-16.432344,-13.150218,-6.511946,-21.293497,0.053404722,-14.959498,0.11767711,-4.245386,-11.513285,-9.475328,-5.2007527,-7.233608,-4.680328,-0.12412784,-4.3065248,-0.6504324,-3.4759371,0.80941445
fake,-270.43555,71.29508,0.98228437,7.4329467,-22.499758,-28.134222,-19.94021,-16.902357,-14.198806,0.42995116,-26.786606,0.17688219,-15.159479,1.0747052,-4.56797,-10.64465,-11.860015,-3.839426,-7.935999,-6.421558,1.5599916,-2.8443246,5.1070924,0.99082744,4.320986
fake,-294.81854,75.35747,12.073065,25.272127,-18.600494,-33.499134,-22.82667,-13.444949,-18.432926,-10.289157,-25.95064,0.6674684,-13.7947,-1.9334388,-1.2367618,-10.548,-11.0511875,-1.856672,-6.3534293,-4.087938,1.7618483,-5.0145855,0.09247887,-2.4971972,-1.5036716
fake,-281.39877,78.541176,-0.8442485,7.5365553,-18.390928,-25.562387,-23.806164,-13.726675,-12.666217,-7.9009905,-23.240456,1.4890633,-14.362238,-1.0227667,-2.4909928,-12.054681,-10.052449,-2.5618114,-6.719657,-5.0916905,-1.1785892,-5.1957226,-0.3707904,-0.66334665,3.300569
fake,-288.45367,81.63614,5.960129,3.183866,-20.916988,-28.358744,-21.90612,-10.980466,-14.885509,-9.509983,-20.693552,0.56263775,-15.551511,-1.1821183,-4.2549777,-10.816638,-8.767577,-3.3907795,-5.8831444,-4.0951314,-2.117637,-6.2410765,-3.819613,-1.665003,1.1439986
fake,-274.92017,60.95699,5.6983666,12.340302,-15.9064455,-23.200655,-30.58164,-12.135373,-12.183291,-7.4966784,-21.398342,0.03196296,-15.262379,0.51878124,-2.4559903,-12.5146475,-10.169874,-2.3754256,-6.296491,-3.52158,-1.1668621,-4.888093,-3.7046921,-2.535259,-1.1387389
fake,-294.4912,72.482155,10.486177,14.86051,-20.73084,-26.036907,-26.043777,-12.966731,-17.620323,-10.595699,-18.816391,0.011129283,-15.83008,-0.7086196,-3.9570308,-8.333463,-7.9093714,-1.4409072,-3.9407127,-5.461434,-2.9482064,-5.9928746,-4.3361845,-2.3532224,-2.1838286
fake,-306.16968,65.3088,4.308022,6.1361756,-11.110737,-23.818226,-22.75533,-14.471588,-15.899415,-3.9864504,-18.889854,-1.2034748,-13.202197,-0.026115557,-4.2015867,-8.413532,-7.936328,-3.2647276,-5.652768,-2.756906,-0.037293795,-2.4539928,-0.40382102,-2.1870878,2.5236447
fake,-305.94547,86.51344,-2.7535744,2.871129,-25.323505,-30.621216,-15.224433,-13.31985,-14.300068,-6.2774673,-19.170555,1.044437,-14.085451,0.2268591,-4.326168,-10.553849,-8.270776,-5.159033,-5.8908134,-4.2240925,0.3785594,-0.45261404,0.6385345,1.7252245,1.7807634
fake,-282.63788,60.257595,0.3301509,11.334283,-17.088255,-21.310122,-24.572283,-14.615555,-15.6294155,-5.3764935,-19.796232,-1.1575298,-12.441289,-0.6489921,-5.04941,-8.083733,-9.526569,-3.6063871,-4.760208,-5.4403205,-1.9289143,-3.9428606,-1.7362683,-0.71865934,4.8455276
fake,-312.55695,66.71385,7.172737,3.9247484,-16.768007,-18.843275,-28.5853,-12.029196,-13.098767,-3.3641167,-17.401146,0.9300427,-12.514463,-1.706288,-1.4837941,-8.850256,-9.97957,-3.2885084,-8.083406,-6.3576517,-0.7451022,-5.0264964,-1.2979642,-3.3083282,2.04672
fake,-286.79605,90.711494,1.7030427,10.185963,-31.600437,-27.81585,-16.2639,-17.212921,-14.350288,-5.8768578,-19.890228,1.1000661,-15.236505,0.61806726,-5.8833094,-6.7440367,-7.23412,-5.178736,-4.4595203,-5.626663,-2.1631877,-3.9161909,-2.5286365,-3.360642,-0.6093409
fake,-313.08994,87.00968,-1.1579795,13.939153,-14.590451,-24.829575,-22.374153,-17.547104,-14.418485,-5.5478997,-18.350925,-1.305105,-14.581316,-0.65102845,-5.069383,-8.439632,-9.588036,-4.681186,-3.9406178,-6.5340705,-2.1089585,-5.6294484,-3.1515584,-3.6192484,-0.8106961
fake,-307.74557,82.733284,-5.3755155,13.536187,-16.918139,-25.072773,-17.639112,-10.805752,-14.840436,-8.477328,-20.62037,1.3225874,-16.502361,-1.4050034,-4.5468273,-11.201485,-8.922919,-4.724302,-4.5816236,-3.0250916,0.13381547,-4.1150327,-4.0570455,-4.4746513,-0.34663525
fake,-305.95822,76.58706,3.2322407,23.628021,-15.945227,-28.954466,-23.97248,-12.186414,-14.556695,-9.308701,-22.081482,0.20341054,-15.634657,-1.1398438,-6.8314056,-10.753827,-8.773283,-4.48646,-7.1335697,-5.974785,-2.353832,-6.751632,-3.1446369,-1.7994541,-0.3868792
fake,-286.78674,66.70911,2.6270437,8.658053,-19.015903,-21.475807,-23.346851,-16.067003,-16.084385,1.5487989,-17.634441,-4.806269,-13.628633,-0.11989753,-8.9804535,-9.57304,-8.059736,-2.3816872,-6.970994,-6.2442317,-0.33277908,-2.7784588,-3.258319,-0.6426826,-2.6443577
fake,-309.80023,70.60799,7.614142,21.738695,-14.033212,-28.222698,-21.98882,-11.325964,-15.584891,-12.067069,-18.782827,1.0545701,-15.002589,-1.2946645,-2.6150227,-9.932741,-6.728199,-2.9753845,-6.0578513,-4.6740603,-5.003299,-6.3288527,-5.411012,-3.7801063,-1.9614005
fake,-302.2993,86.9201,5.600632,7.7561836,-15.4362755,-21.847853,-19.185177,-15.3813925,-14.769316,-7.114086,-21.354355,-4.75369,-11.445161,-1.263804,-5.330853,-8.020187,-10.786946,-5.124278,-6.924699,-7.3331704,-1.982987,-1.5393265,-1.4827533,-3.1913054,1.1297885
fake,-305.4003,78.13102,-1.1205461,9.38206,-19.829967,-20.417192,-21.759556,-14.311449,-13.822636,-6.0000763,-20.842518,-2.7177248,-13.416068,-0.35100698,-6.0522075,-10.3121195,-8.646335,-4.540656,-4.6070576,-2.671518,0.4494218,-2.2551727,-2.0885005,-2.9718223,-1.6597092
fake,-297.9268,76.66981,-3.081199,3.9024904,-17.944134,-18.965378,-21.014885,-15.293121,-14.816767,-1.3517294,-19.776928,-2.594208,-11.971299,-0.6050411,-5.914284,-7.845642,-10.205023,-3.6476083,-6.7441187,-5.75544,-0.540842,-3.65787,-2.05149,-2.3246055,0.024979094
fake,-281.70566,68.40121,-1.2832516,2.8172777,-18.17917,-23.733631,-24.08125,-11.778223,-13.430945,-4.3206916,-17.465973,-1.1973943,-13.480773,-0.58007634,-4.123706,-10.460129,-9.068055,-5.9111466,-5.2702155,-3.6878276,-1.1675694,-2.1967843,-1.1775577,-2.473256,1.1973866
fake,-282.11963,87.730865,-5.2109075,4.88482,-18.254799,-25.567389,-21.710655,-13.802348,-16.421484,-5.31161,-22.288263,1.2445585,-15.236136,-1.216853,-4.2546926,-9.838325,-5.854555,-2.4497564,-6.1959243,-4.2489405,-5.156247,-5.4269333,-1.524441,-4.174511,1.1237142
fake,-291.5773,65.90911,4.955727,16.622314,-13.672531,-25.460497,-24.022472,-10.645563,-16.617693,-11.073147,-17.408516,1.0305021,-16.655264,3.4676368,-5.917082,-12.453406,-3.904683,-7.346885,-4.1670547,-3.2433703,-1.7720901,-3.8169365,-4.748562,-0.64739144,-3.1897814
fake,-272.0512,74.37135,-2.8999035,15.214906,-21.22188,-33.541824,-27.407875,-8.276942,-15.103625,-12.129759,-20.32616,7.624566,-20.084738,3.0367665,-1.5500537,-16.294157,-3.325312,-8.677959,-6.3272862,-4.7597594,-4.4155283,-4.715234,-4.6932945,2.2819695,2.674351
fake,-302.574,104.2001,-3.615943,9.339687,-19.500706,-26.09774,-17.436546,-11.977021,-15.393236,-8.213287,-18.760204,-0.8000202,-15.385396,-0.7298644,-3.0326953,-10.248764,-7.816124,-6.1199207,-6.3451324,-7.2061496,-5.700508,-5.9764667,-4.102853,-1.7342033,1.1131676
fake,-273.36096,80.10493,-2.6204987,3.3240933,-20.307865,-25.25545,-24.786161,-16.370201,-13.147891,-3.8797572,-19.401937,0.75216466,-16.171974,1.3100333,-3.9402232,-13.644682,-5.0166516,-3.4298592,-3.0514665,-3.1794271,-1.7897143,-2.4444754,-5.437041,-1.0411737,-2.2097502
fake,-290.10773,71.28212,6.2839713,15.081847,-17.72514,-23.787909,-24.98865,-10.06505,-16.71708,-11.610536,-17.542421,0.40878338,-16.962132,2.3448594,-6.911744,-13.6351795,-2.9161186,-4.874337,-4.5345325,-3.2695398,-4.171184,-4.417171,-5.2089214,-1.8834949,-3.4950848
fake,-314.7392,60.57105,18.812946,25.511368,-17.711157,-26.4392,-24.404951,-5.8522882,-16.867783,-13.768436,-16.609913,2.4215472,-17.29993,-1.3113499,-6.054341,-11.36557,-4.625846,-6.050444,-6.2918363,-5.2904725,-7.2739015,-7.059527,-7.609882,-3.860613,-2.036206
fake,-275.0392,83.07075,-12.977957,10.774039,-15.138597,-27.268559,-19.756748,-12.383864,-14.873389,-4.2033834,-21.9482,0.66263276,-15.118656,2.536149,-4.236822,-14.221493,-4.882704,-6.275,-5.6349,-5.935839,-5.614146,-4.540311,-2.1944864,-0.933025,2.0622833
fake,-287.59366,97.64828,-8.597841,3.684832,-13.941559,-28.183264,-23.660202,-16.8282,-15.789066,-6.6154437,-20.35904,-2.2811096,-15.240874,1.9261645,-5.2129765,-11.244726,-6.065564,-7.3463182,-6.6118913,-5.4338765,-2.0971987,0.0020071736,0.52781725,0.79713494,2.9116771
fake,-306.75757,70.33723,1.955162,21.02608,-14.063978,-28.632273,-20.583878,-10.700595,-16.243698,-7.6669536,-19.118021,0.11310149,-15.3488655,0.01886126,-3.6851494,-9.48899,-6.035378,-4.909354,-6.7170796,-6.0881815,-5.0515847,-5.5990143,-4.6892204,-3.9801474,1.7666619
fake,-288.0948,71.975876,3.0466537,7.32012,-20.236517,-21.044952,-25.918652,-14.039008,-11.921053,-4.019729,-20.79043,-1.8261614,-13.122975,2.7271838,-6.3259416,-10.501618,-9.098549,-4.90265,-5.5712037,-6.832375,0.6258529,-4.421914,-5.1619062,-4.4267774,-2.267728
fake,-274.4489,72.942696,-2.1386094,7.3073416,-22.962126,-24.576212,-24.927198,-12.664875,-10.459922,-7.173576,-21.383999,2.0729368,-16.106922,1.9603097,-7.7101746,-11.7009945,-8.832119,-7.388762,-6.5357227,-5.714802,0.38223714,-2.2582598,1.2067405,3.482044,6.4040446
fake,-285.22888,76.679375,3.1509895,27.460844,-11.605445,-33.94441,-22.166765,-11.435735,-15.358825,-12.791814,-22.83392,2.3104117,-17.071316,0.08235492,-2.727239,-9.631986,-9.591423,-4.6624393,-7.5058384,-6.391742,-0.40327483,-4.613375,-2.3747895,0.59707856,-1.4078459
fake,-278.1745,80.55083,-4.742765,9.507203,-13.08587,-26.65491,-28.375124,-16.098684,-8.659109,-11.986827,-22.125702,-0.90937316,-14.259088,1.6003633,-5.9845405,-12.257113,-10.167578,-7.326255,-4.7331996,-5.1033034,1.3758113,0.19189218,0.30295694,5.1733823,2.0472639
fake,-294.24045,58.533634,10.603563,19.133226,-21.823198,-23.929327,-24.67083,-7.8716435,-15.290492,-12.676524,-21.413929,3.3849373,-12.820916,0.34828636,-2.8385239,-10.54817,-9.223637,-2.9428625,-5.853412,-6.3145666,-2.4444206,-3.2088273,-4.773748,-1.4774485,-2.3285825
fake,-292.4663,90.31867,-5.2494307,21.135487,-13.767186,-26.998049,-19.762686,-15.389749,-15.990737,-9.187433,-24.917645,2.6288793,-16.079302,3.1441832,-2.8834164,-11.340043,-6.3116937,-6.267811,-5.9651237,-8.09518,-4.9092836,-6.6896133,-6.315636,-6.0986285,-4.3324304
fake,-301.7877,68.743385,6.748144,8.772201,-20.0692,-17.294573,-24.823671,-14.525412,-14.395689,-7.7869368,-21.524706,0.45951405,-12.5725975,0.38517764,-2.4338186,-9.749897,-9.664675,-4.4489775,-7.1352544,-4.1945186,-0.23378967,-4.2111144,-1.8637111,-3.047335,-0.41662186
fake,-312.3608,97.041435,-6.934507,6.7328534,-16.212013,-23.553179,-18.461569,-16.690826,-12.141839,-5.5138044,-18.59952,-1.4098092,-14.199929,1.5086962,-5.4026484,-11.15361,-10.132377,-5.072692,-4.936998,-6.575008,-0.5612694,-2.7121043,-2.4632297,-1.6616752,-0.62913764
fake,-311.31656,61.033276,10.344803,9.202487,-18.18169,-23.847452,-25.607218,-14.510611,-15.363593,-5.465437,-19.031393,0.34118184,-12.000655,0.55083627,-6.2234044,-10.139854,-9.08984,-2.3424022,-4.53466,-2.8843079,1.9967208,0.12655191,2.3275666,2.6173391,1.5697081
fake,-276.05225,89.60724,-6.01393,-3.5190413,-18.582987,-20.54373,-22.893763,-17.3401,-16.156635,-4.694821,-21.844477,0.8953011,-14.759597,2.1738808,-3.6030369,-11.018762,-8.789431,-1.2160293,-5.190182,-5.365532,-0.13948661,-5.062567,-2.3741672,-1.2531446,-0.8001456
fake,-289.97345,103.86658,3.3644888,6.5116205,-27.659279,-29.281958,-18.794752,-16.257414,-17.295774,-7.581265,-22.306536,2.0661054,-15.433495,3.9314787,-7.5247793,-11.711914,-6.4670053,-6.2392764,-4.9884095,-5.755039,-1.6262345,-5.9297657,-1.9727274,-2.8586216,-3.2145765
fake,-305.91638,100.41065,-0.8181824,5.581625,-17.66982,-25.958448,-20.143177,-17.273952,-14.396879,-8.204691,-20.647299,-0.9036782,-12.761899,0.72881866,-5.0088444,-11.480108,-8.134682,-3.3045573,-5.4248676,-6.186151,-0.056066032,-2.4220772,-0.8537993,-3.042929,1.2151957
fake,-285.39148,80.45808,-5.563112,10.942647,-18.875011,-23.328999,-26.245102,-9.960438,-14.090038,-7.244503,-17.639702,-1.4504442,-15.152973,1.3394064,-6.01766,-9.75813,-10.582203,-3.92346,-4.8453827,-6.103531,1.3013875,-2.5463219,-4.1858845,-3.1306498,-2.116347
fake,-303.57556,93.13609,5.7013903,10.341168,-20.483791,-22.735134,-19.682514,-15.030131,-14.328042,-7.298418,-23.655539,1.3298926,-14.169834,1.5256199,-4.501024,-10.973536,-6.522923,-4.9699473,-4.31348,-5.640518,-3.2621295,-6.5424876,-5.736041,-5.5206213,-3.0589764
fake,-299.59634,69.47504,2.3698406,2.054665,-21.588816,-15.112413,-20.80913,-13.18705,-13.093723,-5.169985,-19.913115,0.4534224,-11.953436,0.99629253,-6.458267,-9.272287,-9.058884,-5.883513,-4.0904894,-6.477617,-0.84282976,-4.166011,-1.9064277,-1.2236799,-0.30692163
fake,-301.43985,83.063866,1.7680401,4.9949584,-22.793259,-22.692442,-18.032398,-15.804009,-13.863836,-9.320743,-20.62201,2.5319064,-11.872036,1.5293877,-3.5645626,-12.086956,-8.022543,-4.4526143,-7.9841366,-4.821364,-3.9516504,-4.512376,-3.2659276,-1.0481226,1.3434203
fake,-286.7952,88.419876,-10.428265,10.303459,-14.974736,-24.42633,-24.865335,-13.726927,-12.526557,-5.188102,-22.081244,1.5688396,-15.1302395,2.5986183,-4.493993,-10.689833,-7.8915873,-4.6159434,-4.994387,-7.502418,-0.7972974,-5.5759816,-5.0155177,-5.720601,-1.4114759
fake,-296.0691,60.878765,10.0589,7.8536596,-12.374793,-21.896828,-29.045732,-11.725003,-10.001567,-8.764742,-22.289452,5.2026157,-15.856907,0.7562821,-3.2861962,-11.27858,-6.659821,-3.7142262,-6.982977,-5.394836,-0.29138058,-5.3155284,-4.861288,-4.6110516,0.2855844
fake,-301.96362,53.68299,10.107789,27.647772,-11.489565,-29.372047,-28.16008,-13.079326,-11.005354,-10.424629,-23.73897,3.9223459,-16.416769,0.84895086,-4.3934283,-11.149367,-7.8331785,-2.3646107,-5.0739827,-4.3803415,0.0055150986,-3.5073032,-1.1659992,-2.5395012,0.60291237
fake,-284.66428,84.22242,-3.6354573,-1.194207,-26.43163,-20.597242,-18.133211,-15.367479,-15.32563,-5.887728,-19.135979,1.9519581,-12.6424265,3.3600144,-4.4839087,-9.53757,-9.687786,-5.29717,-5.51614,-5.5500965,-2.04986,-3.5500364,-3.783249,-4.6305375,-0.054736443
fake,-278.93216,62.53453,-0.066192515,26.055807,-11.20295,-35.285805,-27.680567,-9.392931,-13.199177,-10.3246355,-22.538462,3.4745686,-16.955044,2.3316026,-3.9832072,-12.970667,-4.754279,-5.6210027,-6.9955707,-3.5118737,-2.13994,-4.3348308,-1.1764935,-2.8725913,-1.3084517
fake,-312.23788,72.744026,1.1745769,20.488163,-13.688882,-25.742914,-20.219112,-10.964073,-13.163175,-9.204313,-19.584166,1.8567286,-17.446674,2.6882536,-3.912955,-11.7829275,-5.9000964,-3.5329816,-5.874047,-4.6578155,-1.1318375,-5.1571193,-5.0598063,-4.908819,-2.02946
fake,-298.47632,68.57337,1.87597,16.907196,-17.784548,-24.186193,-24.24289,-11.385138,-15.518403,-8.441371,-17.341484,-0.0981801,-14.058993,0.68700355,-4.609545,-12.15935,-5.337689,-1.278541,-5.9634438,-1.9642447,-3.2953646,-4.823885,-4.61337,-2.8566248,-2.36929
fake,-294.33493,85.16613,2.30948,-0.17156546,-27.314476,-24.401024,-20.140535,-12.9466095,-15.387948,-7.827303,-14.346311,1.7585704,-13.337296,1.3469442,-4.1741204,-9.84007,-7.8664665,-5.736327,-5.5420227,-6.490938,-3.5672345,-1.4879364,-2.6960633,-3.0866165,2.2091405
fake,-302.4026,64.28755,10.938214,14.080684,-17.99919,-24.77915,-22.952822,-13.288802,-14.876714,-7.970912,-16.07667,-0.18745923,-12.05525,0.37541866,-3.5337996,-10.059733,-7.4578614,-3.1978095,-7.5385566,-6.2669134,-2.859756,-4.4981527,-2.9896433,-3.8604167,-0.010242985
fake,-292.68076,83.71272,2.1710856,17.715918,-16.035666,-26.142626,-24.560871,-10.637754,-16.366158,-9.854704,-19.5116,2.8493867,-18.081333,2.631699,-3.268331,-12.606546,-5.11225,-3.493227,-5.6554685,-6.6255693,-3.1945572,-7.610446,-8.263687,-2.4512117,-3.8614533
fake,-292.49716,107.89076,-6.022595,-4.235916,-22.893389,-22.15395,-17.572245,-18.69126,-16.260916,-13.306853,-20.8345,1.8855425,-19.556732,-1.6041385,-3.6781516,-10.494592,-2.187711,-1.9246247,-1.1176066,0.5899072,-1.1019397,-1.8020686,-5.833974,-0.29557657,1.0705702
fake,-291.80826,69.20832,-4.7182765,6.8991055,-18.75838,-21.469034,-22.999151,-10.473277,-14.93374,-6.569834,-19.965652,2.823627,-16.39918,0.718607,-5.525236,-13.579991,-8.827471,-3.9716203,-2.9842424,0.73094577,3.593934,-1.9017179,-0.8412351,-1.5611597,-2.4549825
fake,-276.8312,62.11022,19.600456,11.950059,-20.215511,-22.616724,-26.524183,-13.1906185,-20.41946,-6.6593723,-23.055414,-0.10940319,-15.586044,-1.100743,-4.069186,-8.192918,-8.122316,-0.98889554,-3.6908355,-2.9537191,-3.1265812,-4.5585155,-5.493794,-6.738754,-4.7975235
fake,-294.5696,34.67931,8.659508,18.510897,-11.348831,-21.174389,-28.365332,-8.800499,-14.427365,-8.552045,-22.794779,3.6578763,-13.982428,-0.72445697,-3.7628744,-10.561328,-8.799915,-1.8914975,-2.9798365,-1.0169786,1.2501764,-1.5526186,-1.0123931,0.22258824,-1.0847546
fake,-282.9023,76.10775,-2.8138294,6.9647956,-19.549446,-24.113482,-25.060286,-12.031346,-15.463045,-8.394239,-18.860441,3.8180735,-15.711188,2.625778,-2.958014,-11.852554,-6.649327,-6.710071,-5.5653973,-5.091484,-3.945568,-2.2878327,-3.4938943,-1.7782538,3.1103146
fake,-272.0795,70.25729,1.7606822,8.630212,-16.187496,-27.453537,-28.338047,-11.729885,-11.6875,-11.012349,-21.265348,2.6817136,-16.819723,1.0675858,-4.9395576,-12.757865,-6.528308,-4.596018,-7.995881,-5.4977818,-1.827485,-2.7729814,-1.4185377,-1.8975965,0.82465005
fake,-311.92502,101.410416,-6.0002766,8.525071,-21.385576,-30.671724,-16.788033,-12.774401,-17.823896,-8.511913,-17.602734,0.30075476,-17.602352,2.0370703,-2.9230042,-11.951644,-8.131888,-5.9610333,-6.1968117,-5.348769,-1.3903465,-2.5548773,-2.57531,-1.3012303,-1.3518732
fake,-288.3467,66.99251,-0.4565297,14.165454,-13.471884,-25.254047,-26.896011,-9.521678,-20.577147,-11.447625,-16.806915,-0.47583464,-16.848778,2.8433397,-3.5375187,-9.84399,-3.872258,-3.8125734,-3.3643062,-3.2795355,-3.3644316,-3.1564445,-4.90945,-0.39177462,-2.0305285
fake,-288.53018,89.09789,6.173037,4.1255608,-21.679285,-31.66573,-18.53664,-5.5838766,-20.945513,-8.716862,-17.104939,1.6791824,-18.548721,2.9561327,-7.6024723,-9.606402,-4.970383,-7.951267,-2.1124392,-7.453905,0.5985633,-4.873721,-2.5770142,2.025701,-1.043204
fake,-296.80637,78.61696,4.043401,14.429915,-15.425669,-25.969019,-20.94486,-10.031873,-17.616982,-11.338831,-18.125744,-0.16801827,-15.913168,2.1728592,-5.1016088,-11.7902775,-3.9180055,-5.837693,-4.6067753,-3.5619125,-4.139394,-2.85887,-4.399506,-2.2868874,-2.3602912
fake,-294.68753,83.171165,3.7816272,6.2708173,-21.791851,-23.27676,-20.314482,-10.495168,-16.562523,-9.2978525,-16.565748,0.45349437,-14.754882,0.76603496,-6.0973973,-11.8578415,-7.004302,-6.5739894,-4.918798,-5.7769012,-2.832055,-3.3834717,-4.5921016,-0.3091866,-0.22825485
fake,-296.63834,93.89753,-5.995059,5.7931705,-17.44663,-23.526678,-23.139273,-14.564119,-12.779749,-6.8806596,-16.24633,0.4713879,-14.668423,1.819443,-5.054237,-11.082909,-7.145677,-5.1459928,-2.6516495,-5.357653,-4.1547494,-5.417487,-5.558813,-3.761071,-0.3937693
fake,-289.62726,63.496914,0.2961013,18.57729,-21.726854,-29.220177,-22.42254,-2.8506112,-13.907601,-10.137715,-13.8047085,2.0817118,-15.1882715,-3.4464726,-4.9662905,-10.281595,-4.830259,-3.745416,-5.2241125,-2.391315,-5.3213553,-3.9721792,-2.8740544,-1.618643,-2.5105631
fake,-280.5591,71.44394,3.022366,10.964078,-19.975307,-21.20129,-24.060724,-16.234985,-13.85625,-11.5644865,-17.712582,3.2482347,-15.940772,1.110731,-3.446481,-10.814782,-6.4040704,-3.144904,-5.6614766,-5.1533957,-2.1678724,-4.789684,-4.9575067,-2.2795477,-0.26413453
fake,-282.56726,77.32955,5.4787164,10.696301,-18.339205,-27.249767,-21.480106,-9.600044,-16.568779,-10.331459,-19.174774,2.0958474,-17.49612,1.9376826,-2.815704,-12.267199,-4.41283,-3.9529028,-5.529114,-5.7612753,-2.5595753,-5.217414,-5.683536,-1.7994289,-1.943726
fake,-287.54352,71.696556,2.909544,6.6143856,-17.984905,-25.903929,-29.353453,-11.476893,-14.093259,-11.148874,-18.44166,0.6267939,-15.337953,3.0340626,-5.991953,-11.769462,-2.9890764,-3.5788693,-2.8717241,-4.3692293,-4.2666373,-2.9682314,-5.8169966,-2.0135117,-1.662858
fake,-280.36505,58.95996,9.622509,9.484991,-23.961096,-18.912764,-28.566391,-14.192895,-15.721168,-9.113145,-19.205772,-0.121609844,-15.4797735,1.66861,-1.6688159,-11.536283,-7.7268696,-4.738876,-4.96076,-4.882934,-3.2694468,-3.000451,-5.398792,-1.8572567,2.5672154
fake,-272.2819,72.9643,0.7210009,-2.8044872,-23.209272,-21.64201,-22.107494,-7.7309437,-20.48402,-8.013542,-12.803011,0.26577514,-16.7139,7.2520885,-8.845247,-8.977627,-7.66995,-7.638865,-3.1883216,-7.6253037,-3.0720358,-3.0746045,-5.7297754,-3.910947,-4.0519986
fake,-296.73276,98.08787,-6.969804,9.23781,-14.932974,-26.105984,-21.111582,-12.497133,-16.26264,-10.5749235,-23.135294,2.1131942,-15.243954,0.5574158,-4.4743943,-12.343911,-6.7231574,-5.7458215,-4.084688,-5.1882014,-0.8554998,-3.263324,-3.4060934,-2.6159873,-2.794804
fake,-297.21432,72.65685,14.818332,14.452042,-16.384123,-19.401957,-21.215433,-15.936836,-14.772595,-5.2731304,-19.394836,-1.577675,-14.044788,1.1362389,-5.34724,-8.67558,-8.127284,-4.3556266,-6.704051,-7.4754314,-3.110947,-4.721717,-1.7620008,-2.2532716,0.23486821
fake,-275.80368,80.89239,8.894267,7.1136045,-22.349508,-25.666887,-19.046406,-18.7418,-13.579432,0.004648878,-24.630232,-1.6684315,-14.0351515,-0.6076968,-6.86215,-7.547665,-10.544319,-5.2744823,-6.553471,-6.670448,2.2875755,-5.9292865,1.9906328,-0.061343864,-0.3914205
fake,-295.57413,86.44311,-12.279798,8.740219,-14.250678,-21.122461,-16.839413,-16.708044,-15.6746025,-1.312135,-22.291527,-1.0564588,-11.742164,0.33464316,-7.382984,-6.3459682,-9.875661,-5.2393465,-4.4666595,-8.64758,-0.8277697,-5.7582417,1.5185361,-3.990503,-0.05362686
fake,-292.48965,72.542625,4.686722,11.017757,-17.455631,-13.377519,-23.384844,-16.928463,-16.44041,-0.49609795,-20.659407,-6.565795,-9.970447,0.053340778,-8.814539,-4.42318,-10.885654,-4.0682,-2.5170314,-8.085271,-1.4656689,-7.3032293,-4.490007,-6.0857954,-2.3547225
